{
	"info": {
		"_postman_id": "beb667bb-5bfe-48df-849e-3e2b76af322a",
		"name": "API Petshop",
		"schema": "https://schema.getpostman.com/json/collection/v2.1.0/collection.json"
	},
	"item": [
		{
			"name": "Listar fornecedores",
			"request": {
				"method": "GET",
				"header": [],
				"url": {
					"raw": "http://localhost:3000/api/fornecedores",
					"protocol": "http",
					"host": [
						"localhost"
					],
					"port": "3000",
					"path": [
						"api",
						"fornecedores"
					]
				}
			},
			"response": [
				{
					"name": "Listar fornecedores",
					"originalRequest": {
						"method": "GET",
						"header": [],
						"url": {
							"raw": "http://localhost:3000/api/fornecedores",
							"protocol": "http",
							"host": [
								"localhost"
							],
							"port": "3000",
							"path": [
								"api",
								"fornecedores"
							]
						}
					},
					"status": "OK",
					"code": 200,
					"_postman_previewlanguage": "json",
					"header": [
						{
							"key": "Content-Type",
							"value": "application/json; charset=utf-8"
						},
						{
							"key": "X-Response-Time",
							"value": "8ms"
						},
						{
							"key": "Content-Length",
							"value": "154"
						},
						{
							"key": "Date",
							"value": "Wed, 25 Mar 2020 18:01:04 GMT"
						},
						{
							"key": "Connection",
							"value": "keep-alive"
						}
					],
					"cookie": [],
					"body": "[\n    {\n        \"id\": 1,\n        \"empresa\": \"Maximum Rações LTDA\",\n        \"categoria\": \"racao\",\n        \"createdAt\": \"2020-03-25T18:00:48.000Z\",\n        \"updatedAt\": \"2020-03-25T18:00:48.000Z\",\n        \"version\": 0\n    }\n]"
				}
			]
		},
		{
			"name": "Cadastrar fornecedor",
			"request": {
				"method": "POST",
				"header": [
					{
						"key": "Content-Type",
						"name": "Content-Type",
						"value": "application/json",
						"type": "text"
					},
					{
						"key": "Accept",
						"value": "application/json",
						"type": "text"
					}
				],
				"body": {
					"mode": "raw",
					"raw": "{\n\t\"empresa\": \"Maximum Rações LTDA\",\n\t\"categoria\": \"racao\",\n\t\"email\": \"contato@maximum.com\"\n}",
					"options": {}
				},
				"url": {
					"raw": "http://localhost:3000/api/fornecedores",
					"protocol": "http",
					"host": [
						"localhost"
					],
					"port": "3000",
					"path": [
						"api",
						"fornecedores"
					]
				}
			},
			"response": [
				{
					"name": "Cadastrar fornecedor",
					"originalRequest": {
						"method": "POST",
						"header": [
							{
								"key": "Content-Type",
								"name": "Content-Type",
								"value": "application/json",
								"type": "text"
							},
							{
								"key": "Accept",
								"value": "application/json",
								"type": "text"
							}
						],
						"body": {
							"mode": "raw",
							"raw": "{\n\t\"empresa\": \"Maximum Rações LTDA\",\n\t\"categoria\": \"racao\",\n\t\"email\": \"contato@maximum.com\"\n}",
							"options": {}
						},
						"url": {
							"raw": "http://localhost:3000/api/fornecedores",
							"protocol": "http",
							"host": [
								"localhost"
							],
							"port": "3000",
							"path": [
								"api",
								"fornecedores"
							]
						}
					},
					"status": "Created",
					"code": 201,
					"_postman_previewlanguage": "json",
					"header": [
						{
							"key": "X-Powered-By",
							"value": "Express"
						},
						{
							"key": "Content-Type",
							"value": "application/json"
						},
						{
							"key": "Location",
							"value": "/api/fornecedores/3"
						},
						{
							"key": "ETag",
							"value": "0"
						},
						{
							"key": "Date",
							"value": "Mon, 18 May 2020 15:11:29 GMT"
						},
						{
							"key": "Connection",
							"value": "keep-alive"
						},
						{
							"key": "Content-Length",
							"value": "92"
						}
					],
					"cookie": [],
					"body": "{\n    \"id\": 3,\n    \"empresa\": \"Maximum Rações LTDA\",\n    \"categoria\": \"racao\",\n    \"email\": \"contato@maximum.com\"\n}"
				},
				{
					"name": "Erro - campo inválido",
					"originalRequest": {
						"method": "POST",
						"header": [
							{
								"key": "Content-Type",
								"name": "Content-Type",
								"value": "application/json",
								"type": "text"
							},
							{
								"key": "Accept",
								"value": "application/json",
								"type": "text"
							}
						],
						"body": {
							"mode": "raw",
							"raw": "{\n\t\"empresa\": \"Maximum Rações LTDA\",\n\t\"email\": \"contato@maximum.com\"\n}",
							"options": {}
						},
						"url": {
							"raw": "http://localhost:3000/api/fornecedores",
							"protocol": "http",
							"host": [
								"localhost"
							],
							"port": "3000",
							"path": [
								"api",
								"fornecedores"
							]
						}
					},
					"status": "Bad Request",
					"code": 400,
					"_postman_previewlanguage": "json",
					"header": [
						{
							"key": "X-Powered-By",
							"value": "Express"
						},
						{
							"key": "Content-Type",
							"value": "application/json; charset=utf-8"
						},
						{
							"key": "Content-Length",
							"value": "57"
						},
						{
							"key": "ETag",
							"value": "W/\"39-25BYa84/G/WzH1JksfJFiMYZGmg\""
						},
						{
							"key": "Date",
							"value": "Tue, 08 Sep 2020 20:30:50 GMT"
						},
						{
							"key": "Connection",
							"value": "keep-alive"
						}
					],
					"cookie": [],
					"body": "{\n    \"id\": 1,\n    \"mensagem\": \"O campo 'categoria' está inválido\"\n}"
				}
			]
		},
		{
			"name": "Pegar fornecedor",
			"request": {
				"method": "GET",
				"header": [
					{
						"key": "Content-Type",
						"name": "Content-Type",
						"type": "text",
						"value": "application/json"
					},
					{
						"key": "Accept",
						"value": "application/json",
						"type": "text"
					}
				],
				"url": {
					"raw": "http://localhost:3000/api/fornecedores/1",
					"protocol": "http",
					"host": [
						"localhost"
					],
					"port": "3000",
					"path": [
						"api",
						"fornecedores",
						"1"
					]
				}
			},
			"response": [
				{
					"name": "Pegar fornecedor",
					"originalRequest": {
						"method": "GET",
						"header": [
							{
								"key": "Content-Type",
								"name": "Content-Type",
								"type": "text",
								"value": "application/json"
							},
							{
								"key": "Accept",
								"value": "application/json",
								"type": "text"
							}
						],
						"url": {
							"raw": "http://localhost:3000/api/fornecedores/1",
							"protocol": "http",
							"host": [
								"localhost"
							],
							"port": "3000",
							"path": [
								"api",
								"fornecedores",
								"1"
							]
						}
					},
					"status": "OK",
					"code": 200,
					"_postman_previewlanguage": "json",
					"header": [
						{
							"key": "X-Powered-By",
							"value": "Express"
						},
						{
							"key": "Content-Type",
							"value": "application/json"
						},
						{
							"key": "Last-Modified",
							"value": "1589814475000"
						},
						{
							"key": "ETag",
							"value": "0"
						},
						{
							"key": "Date",
							"value": "Mon, 18 May 2020 15:10:36 GMT"
						},
						{
							"key": "Connection",
							"value": "keep-alive"
						},
						{
							"key": "Content-Length",
							"value": "94"
						}
					],
					"cookie": [],
					"body": "{\n    \"id\": \"1\",\n    \"empresa\": \"Maximum Rações LTDA\",\n    \"categoria\": \"racao\",\n    \"email\": \"contato@maximum.com\"\n}"
				},
				{
					"name": "Erro - não encontrado",
					"originalRequest": {
						"method": "GET",
						"header": [
							{
								"key": "Content-Type",
								"name": "Content-Type",
								"type": "text",
								"value": "application/json"
							},
							{
								"key": "Accept",
								"value": "application/json",
								"type": "text"
							}
						],
						"url": {
							"raw": "http://localhost:3000/api/fornecedores/1",
							"protocol": "http",
							"host": [
								"localhost"
							],
							"port": "3000",
							"path": [
								"api",
								"fornecedores",
								"1"
							]
						}
					},
					"status": "Not Found",
					"code": 404,
					"_postman_previewlanguage": "json",
					"header": [
						{
							"key": "X-Powered-By",
							"value": "Express"
						},
						{
							"key": "Content-Type",
							"value": "application/json; charset=utf-8"
						},
						{
							"key": "Content-Length",
							"value": "53"
						},
						{
							"key": "ETag",
							"value": "W/\"35-1Swo68KlU+s6/kv8pqszQOchcuc\""
						},
						{
							"key": "Date",
							"value": "Tue, 08 Sep 2020 20:29:52 GMT"
						},
						{
							"key": "Connection",
							"value": "keep-alive"
						}
					],
					"cookie": [],
					"body": "{\n    \"id\": 0,\n    \"mensagem\": \"Fornecedor não foi encontrado!\"\n}"
				}
			]
		},
		{
			"name": "Atualizar fornecedor",
			"request": {
				"method": "PUT",
				"header": [
					{
						"key": "Content-Type",
						"name": "Content-Type",
						"type": "text",
						"value": "application/json"
					},
					{
						"key": "Accept",
						"value": "application/json",
						"type": "text"
					}
				],
				"body": {
					"mode": "raw",
					"raw": "{\n\t\"categoria\": \"brinquedos\"\n}",
					"options": {}
				},
				"url": {
					"raw": "http://localhost:3000/api/fornecedores/1",
					"protocol": "http",
					"host": [
						"localhost"
					],
					"port": "3000",
					"path": [
						"api",
						"fornecedores",
						"1"
					]
				}
			},
			"response": [
				{
					"name": "Erro - nenhum campo fornecido",
					"originalRequest": {
						"method": "PUT",
						"header": [
							{
								"key": "Content-Type",
								"name": "Content-Type",
								"type": "text",
								"value": "application/json"
							},
							{
								"key": "Accept",
								"value": "application/json",
								"type": "text"
							}
						],
						"body": {
							"mode": "raw",
							"raw": "{\n}",
							"options": {}
						},
						"url": {
							"raw": "http://localhost:3000/api/fornecedores/1",
							"protocol": "http",
							"host": [
								"localhost"
							],
							"port": "3000",
							"path": [
								"api",
								"fornecedores",
								"1"
							]
						}
					},
					"status": "Bad Request",
					"code": 400,
					"_postman_previewlanguage": "json",
					"header": [
						{
							"key": "X-Powered-By",
							"value": "Express"
						},
						{
							"key": "Content-Type",
							"value": "application/json; charset=utf-8"
						},
						{
							"key": "Content-Length",
							"value": "65"
						},
						{
							"key": "ETag",
							"value": "W/\"41-OGhX9Zy5XO4QF8JK9ZFIryAI5Xo\""
						},
						{
							"key": "Date",
							"value": "Tue, 08 Sep 2020 20:31:32 GMT"
						},
						{
							"key": "Connection",
							"value": "keep-alive"
						}
					],
					"cookie": [],
					"body": "{\n    \"id\": 2,\n    \"mensagem\": \"Não foram fornecidos dados para atualizar!\"\n}"
				},
				{
					"name": "Atualizar fornecedor",
					"originalRequest": {
						"method": "PUT",
						"header": [
							{
								"key": "Content-Type",
								"name": "Content-Type",
								"type": "text",
								"value": "application/json"
							},
							{
								"key": "Accept",
								"value": "application/json",
								"type": "text"
							}
						],
						"body": {
							"mode": "raw",
							"raw": "{\n\t\"categoria\": \"brinquedos\"\n}",
							"options": {}
						},
						"url": {
							"raw": "http://localhost:3000/api/fornecedores/1",
							"protocol": "http",
							"host": [
								"localhost"
							],
							"port": "3000",
							"path": [
								"api",
								"fornecedores",
								"1"
							]
						}
					},
					"status": "No Content",
					"code": 204,
					"_postman_previewlanguage": "json",
					"header": [
						{
							"key": "X-Powered-By",
							"value": "Express"
						},
						{
							"key": "Content-Type",
							"value": "application/json"
						},
						{
							"key": "Date",
							"value": "Tue, 08 Sep 2020 20:31:17 GMT"
						},
						{
							"key": "Connection",
							"value": "keep-alive"
						}
					],
					"cookie": [],
					"body": null
				}
			]
		},
		{
			"name": "Apagar fornecedor",
			"request": {
				"method": "DELETE",
				"header": [
					{
						"key": "Content-Type",
						"name": "Content-Type",
						"type": "text",
						"value": "application/json"
					}
				],
				"body": {
					"mode": "raw",
					"raw": "",
					"options": {}
				},
				"url": {
					"raw": "http://localhost:3000/api/fornecedores/1",
					"protocol": "http",
					"host": [
						"localhost"
					],
					"port": "3000",
					"path": [
						"api",
						"fornecedores",
						"1"
					]
				}
			},
			"response": [
				{
					"name": "Apagar fornecedor",
					"originalRequest": {
						"method": "DELETE",
						"header": [
							{
								"key": "Content-Type",
								"name": "Content-Type",
								"type": "text",
								"value": "application/json"
							}
						],
						"body": {
							"mode": "raw",
							"raw": "",
							"options": {}
						},
						"url": {
							"raw": "http://localhost:3000/api/fornecedores/1",
							"protocol": "http",
							"host": [
								"localhost"
							],
							"port": "3000",
							"path": [
								"api",
								"fornecedores",
								"1"
							]
						}
					},
					"status": "No Content",
					"code": 204,
					"_postman_previewlanguage": "json",
					"header": [
						{
							"key": "X-Powered-By",
							"value": "Express"
						},
						{
							"key": "Content-Type",
							"value": "application/json"
						},
						{
							"key": "Date",
							"value": "Tue, 08 Sep 2020 20:31:58 GMT"
						},
						{
							"key": "Connection",
							"value": "keep-alive"
						}
					],
					"cookie": [],
					"body": null
				}
			]
		}
	],
	"protocolProfileBehavior": {}
}